{"count":1,"self":8.7743696,"total":9.769907,"children":{"InitializeActuators":{"count":1,"self":0.0021249999999999997,"total":0.0021249999999999997,"children":null},"InitializeSensors":{"count":1,"self":0.0019329999999999998,"total":0.0019329999999999998,"children":null},"AgentSendState":{"count":470,"self":0.004934,"total":0.981107,"children":{"CollectObservations":{"count":235,"self":0.000526,"total":0.000526,"children":null},"WriteActionMask":{"count":235,"self":0.0011409999999999999,"total":0.0011409999999999999,"children":null},"RequestDecision":{"count":235,"self":0.003623,"total":0.974506,"children":{"RenderTextureSensor.GetCompressedObservation":{"count":470,"self":0.97088299999999994,"total":0.97088299999999994,"children":null}}}}},"DecideAction":{"count":470,"self":0.0043609999999999994,"total":0.0043609999999999994,"children":null},"AgentAct":{"count":470,"self":0.0051979999999999995,"total":0.0051979999999999995,"children":null}},"gauges":{},"metadata":{"timer_format_version":"0.1.0","start_time_seconds":"1646994133","unity_version":"2020.3.25f1","command_line_arguments":"\/home\/ben\/Unity\/Hub\/Editor\/2020.3.25f1\/Editor\/Unity -projectpath \/home\/ben\/Documents\/repos\/world-of-bugs.dev\/UnityProject -useHub -hubIPC -cloudEnvironment production -licensingIpc LicenseClient-ben -hubSessionId 4424cdc0-a124-11ec-967c-e7537393dbca -accessToken TzM4CrhWzU1dfQ--gtJYwHqC96WddXcV9oMxn2oPwvM005f","communication_protocol_version":"1.5.0","com.unity.ml-agents_version":"2.1.0-exp.1","scene_name":"World-v1","end_time_seconds":"1646994143"}}