{"count":1,"self":24.2153344,"total":25.045921999999997,"children":{"InitializeActuators":{"count":1,"self":0.0018059999999999999,"total":0.0018059999999999999,"children":null},"InitializeSensors":{"count":1,"self":0.0029289999999999997,"total":0.0029289999999999997,"children":null},"AgentSendState":{"count":1232,"self":0.034009,"total":0.779003,"children":{"CollectObservations":{"count":247,"self":0.198151,"total":0.198151,"children":null},"WriteActionMask":{"count":247,"self":0.002717,"total":0.002717,"children":null},"RequestDecision":{"count":247,"self":0.0059749999999999994,"total":0.544126,"children":{"CameraSensor.GetCompressedObservation":{"count":247,"self":0.53815099999999993,"total":0.53815099999999993,"children":null}}}}},"DecideAction":{"count":1232,"self":0.021113999999999997,"total":0.021113999999999997,"children":null},"AgentAct":{"count":1232,"self":0.024874999999999998,"total":0.024874999999999998,"children":null}},"gauges":{},"metadata":{"timer_format_version":"0.1.0","start_time_seconds":"1634564782","unity_version":"2019.4.25f1","command_line_arguments":"\/home\/ben\/Documents\/repos\/unity\/editors\/2019.4.25f1\/Editor\/Unity -projectpath \/home\/ben\/Documents\/repos\/WorldOfBugs\/UnityProject -useHub -hubIPC -cloudEnvironment production -hubSessionId bbf6a1d0-3012-11ec-8f10-d1bcf6c1ab40","communication_protocol_version":"1.5.0","com.unity.ml-agents_version":"2.1.0-exp.1","scene_name":"World-v2","end_time_seconds":"1634564807"}}