{"count":1,"self":4.406938,"total":6.381404,"children":{"InitializeActuators":{"count":1,"self":0.001977,"total":0.001977,"children":null},"InitializeSensors":{"count":1,"self":0.002967,"total":0.0069619999999999994,"children":{"CreateObservableSensors":{"count":1,"self":0.0039949999999999994,"total":0.0039949999999999994,"children":null}}},"AgentSendState":{"count":258,"self":0.003407,"total":0.84136199999999994,"children":{"CollectObservations":{"count":258,"self":0.00036199999999999996,"total":0.00036199999999999996,"children":null},"WriteActionMask":{"count":258,"self":0.00091499999999999991,"total":0.00091499999999999991,"children":null},"RequestDecision":{"count":258,"self":0.006691,"total":0.83667799999999992,"children":{"AgentInfo.ToProto":{"count":258,"self":0.002291,"total":0.82998699999999992,"children":{"GenerateSensorData":{"count":258,"self":0.027878,"total":0.827696,"children":{"RenderTextureSensor.GetCompressedObservation":{"count":516,"self":0.79981799999999992,"total":0.79981799999999992,"children":null}}}}}}}}},"DecideAction":{"count":258,"self":1.036393,"total":1.036393,"children":null},"AgentAct":{"count":258,"self":0.076713999999999991,"total":0.076713999999999991,"children":null},"CreateObservableSensors":{"count":65,"self":0.010211999999999999,"total":0.010211999999999999,"children":null}},"gauges":{},"metadata":{"timer_format_version":"0.1.0","start_time_seconds":"1648832136","unity_version":"2020.3.25f1","command_line_arguments":"\/home\/ben\/Unity\/Hub\/Editor\/2020.3.25f1\/Editor\/Unity -projectpath \/home\/ben\/Documents\/repos\/world-of-bugs.dev\/UnityProject -useHub -hubIPC -cloudEnvironment production -licensingIpc LicenseClient-ben -hubSessionId 253c9a70-b1ad-11ec-b24d-d5e5c9cc5a3f -accessToken 9vB6rwNkfpHG6gRku2GIUq3QbJmK4szOU9FrDQJ1Uyo005f","communication_protocol_version":"1.5.0","com.unity.ml-agents_version":"2.1.0-exp.1","scene_name":"World-v1","end_time_seconds":"1648832143"}}